Introduction, Address, RSS feed, Tags
Shawn, https://mirror.xyz/dao4ever.eth, https://submirror.xyz/dao4ever.eth, DAO
xiakezhang, https://mirror.xyz/0x6E18e69AD6a71Be81b3a00303b1021a7E0021a3A, https://submirror.xyz/0x6E18e69AD6a71Be81b3a00303b1021a7E0021a3A, Web3; DeFi
lianjinshu, https://mirror.xyz/0x189E6A62c37f8d5A8f01f023A77175439e8124ce, https://submirror.xyz/0x189E6A62c37f8d5A8f01f023A77175439e8124ce, Web3; DeFi; GameFi
Vincent, https://mirror.xyz/vniu.eth, https://submirror.xyz/vniu.eth, DeFi; GameFi
ChessMaster2077, https://mirror.xyz/chessmaster2077.eth, https://submirror.xyz/chessmaster2077.eth, Web3; NFT
深潮 TechFlow, https://mirror.xyz/0x4e8F1cf9a9dDCAdeE3340daDA2CbA5508D340B4E, https://submirror.xyz/0x4e8F1cf9a9dDCAdeE3340daDA2CbA5508D340B4E, Web3; DeFi; 媒体
屎币日报 ShitcoinDaily, https://mirror.xyz/shitcoindaily.eth, https://submirror.xyz/shitcoindaily.eth, Web3
0xTodd, https://mirror.xyz/0x17f3F81860345567482E1D232FB5B6f8bD77f3Bd, https://submirror.xyz/0x17f3F81860345567482E1D232FB5B6f8bD77f3Bd, Web3; DeFi; DAO
DFarm, https://mirror.xyz/dfarm.eth, https://submirror.xyz/dfarm.eth, Web3; DeFi
CAOYIN, https://mirror.xyz/0x357AD9662364AeD7316ACBdbC76A193983E7c731, https://submirror.xyz/0x357AD9662364AeD7316ACBdbC76A193983E7c731, Web3; NFT
Mirror Curator DAO, https://mcdao.mirror.xyz/, https://mcdao.submirror.xyz/, DAO
MaoDAO Research, https://mirror.xyz/0x21b08A87A98e7F242038810aa4227d6BEC5A762c, https://submirror.xyz/0x21b08A87A98e7F242038810aa4227d6BEC5A762c, DAO
ksintmelody, https://mirror.xyz/0xc19be75B8B9152d884987e1B58b3F18A94875396, https://submirror.xyz/0xc19be75B8B9152d884987e1B58b3F18A94875396, Web3; DeFi; NFT; Crypto
DaPangDunBTC, https://mirror.xyz/0x0F9C6A9d8f9729aB07b5b2B870Ce8122E76708b0, https://submirror.xyz/0x0F9C6A9d8f9729aB07b5b2B870Ce8122E76708b0, IEO; 交易所
BBNews, https://mirror.xyz/0x21955b6635b67B19Ee0472b8a4Ac4E1d89521cbe, https://submirror.xyz/0x21955b6635b67B19Ee0472b8a4Ac4E1d89521cbe, Web3; DeFi; 媒体
kirio.eth, https://mirror.xyz/kirio.eth, https://submirror.xyz/kirio.eth, Web3; DeFi; 公链; 以太坊; 空投
amey, https://mirror.xyz/0x81910c6FD8bA1A67367aA9cA30101c61ce1a30e0, https://submirror.xyz/0x81910c6FD8bA1A67367aA9cA30101c61ce1a30e0, Web3; DeFi; 空投
Rocket_ZZ, https://mirror.xyz/nbblockchain.eth, https://submirror.xyz/nbblockchain.eth, Web3; DeFi; 空投
SmartDAO, https://mirror.xyz/0xAE623c8B158C3dF75b4f0f3886cA36b49b72f3e9, https://submirror.xyz/0xAE623c8B158C3dF75b4f0f3886cA36b49b72f3e9, DAO
sorosdegen, https://mirror.xyz/0xsoros.eth, https://submirror.xyz/0xsoros.eth, Web3; DeFi; DAO
马蹄橘子, https://mirror.xyz/0x410a0887cC91cCf1e8Db56422b9a5D8B078c2200, https://submirror.xyz/0x410a0887cC91cCf1e8Db56422b9a5D8B078c2200, Web3; DeFi
W3.Hitchhiker, https://mirror.xyz/0xE43a21Ee76b591fe6E479da8a8a388FCfea6F77F, https://submirror.xyz/0xE43a21Ee76b591fe6E479da8a8a388FCfea6F77F, Web3; 教程; Arweave
K~Erica, https://k.mirror.xyz/, https://k.submirror.xyz/, Web3; DeFi; GameFi
RJ, https://mirror.xyz/0xAEa29c04E32EBCE118ea8cee975a3317190cCCdd, https://submirror.xyz/0xAEa29c04E32EBCE118ea8cee975a3317190cCCdd, Web3; 教程; Arweave
raccooncrypto.eth, https://mirror.xyz/raccooncrypto.eth, https://submirror.xyz/raccooncrypto.eth, Web3; DeFi; DAO
夜思晨, https://mirror.xyz/0x3D1163E402eC0c0F58297E1e88Bd992b729eE520, https://submirror.xyz/0x3D1163E402eC0c0F58297E1e88Bd992b729eE520, 公链; Cosmos
BTCdayu, https://mirror.xyz/btcdayu.eth, https://submirror.xyz/btcdayu.eth, Web3; DeFi; DAO; PEOPLE
郭宇, https://mirror.xyz/guoyu.eth, https://submirror.xyz/guoyu.eth, Web3; NFT
Bitcoin fix this, https://mirror.xyz/0x5fa5381ade2eeC5459ce93af57b5feE7d63E6831, https://submirror.xyz/0x5fa5381ade2eeC5459ce93af57b5feE7d63E6831, Bitcoin
a10.eth, https://mirror.xyz/a10.eth, https://submirror.xyz/a10.eth, DeFi
NextDAO, https://mirror.xyz/nextdao.eth, https://submirror.xyz/nextdao.eth, DAO
chaojijun, https://mirror.xyz/0x90c73B046474Ca1F7b06c60D913C1a97DbE2f08c, https://submirror.xyz/0x90c73B046474Ca1F7b06c60D913C1a97DbE2f08c, DeFi; Web3
0x_LongForShort, https://mirror.xyz/shiyuan.eth, https://submirror.xyz/shiyuan.eth, NFT
0x2046, https://mirror.xyz/0x2c64dA7097533DB7a585ee62CDE17CAE0bCb2046, https://submirror.xyz/0x2c64dA7097533DB7a585ee62CDE17CAE0bCb2046, Web3; ENS
zhanglabs, https://mirror.xyz/wangzhan.eth, https://submirror.xyz/wangzhan.eth, Web3; ENS
avc, https://avc.mirror.xyz/, https://avc.submirror.xyz/, Web3; DeFi; Crypto
msfew, https://mirror.xyz/msfew.eth, https://submirror.xyz/msfew.eth, Web3; DeFi
Linda Xie, https://linda.mirror.xyz/, https://linda.submirror.xyz/, Web3; DeFi; DAO
Kurt Pan, https://mirror.xyz/suzuha.eth, https://submirror.xyz/suzuha.eth, 区块链; 密码学; Web3
0xShangdidi, https://mirror.xyz/shangdidi.eth, https://submirror.xyz/shangdidi.eth, Web3; DAO
shrimpwen.eth, https://mirror.xyz/shrimpwen.eth, https://submirror.xyz/shrimpwen.eth, NFT
Connifer, https://mirror.xyz/0xbADE3C320B07Ae2f75e23E237E22Ec92684e0d9a, https://submirror.xyz/0xbADE3C320B07Ae2f75e23E237E22Ec92684e0d9a, DAO
Mint Ventures, https://mirror.xyz/mintventures.eth, https://submirror.xyz/mintventures.eth, Web3; DeFi; DAO; 投研
DarkCrypto, https://mirror.xyz/pushdoge.eth, https://submirror.xyz/pushdoge.eth, Web3
quentangle, https://mirror.xyz/0xABae923874F05e922A22932d8d2117ffE627212d, https://submirror.xyz/0xABae923874F05e922A22932d8d2117ffE627212d, Web3; 以太坊
链上达人, https://mirror.xyz/0x5b197E3eE6770518f6F2735274522F48aBd69864, https://submirror.xyz/0x5b197E3eE6770518f6F2735274522F48aBd69864, Web3; NFT
DAO Community, https://mirror.xyz/0x39eC45d1445d9bDCd3A04238464b9F486C6Ac748, https://submirror.xyz/0x39eC45d1445d9bDCd3A04238464b9F486C6Ac748, DAO
0xc952, https://mirror.xyz/0xc952fE149b640097054CFa53cAf7aC2bfd0162C5, https://submirror.xyz/0xc952fE149b640097054CFa53cAf7aC2bfd0162C5, Web3; ENS
zephyr, https://mirror.xyz/zephyrzj.eth, https://submirror.xyz/zephyrzj.eth, Web3; NFT
cwweb3, https://mirror.xyz/0x21C4952BC587CFF830B8E6BF16Bd0352A97a91a7, https://submirror.xyz/0x21C4952BC587CFF830B8E6BF16Bd0352A97a91a7, Web3; DAO
Shawn Sun, https://mirror.xyz/0xEBAb6258F50089872F98fFb459A524e6a3108274, https://submirror.xyz/0xEBAb6258F50089872F98fFb459A524e6a3108274, NFT
0x505a, https://mirror.xyz/0x505a3436B1Bb13a45F2c71a55799D3396eCb0d66, https://submirror.xyz/0x505a3436B1Bb13a45F2c71a55799D3396eCb0d66, Web3
幣圈躺著賺, https://mirror.xyz/homepod.eth, https://submirror.xyz/homepod.eth, DeFi
ShillBoard.xyz, https://mirror.xyz/diloco.eth, https://submirror.xyz/diloco.eth, DeFi
Friends With Benefits, https://fwb.mirror.xyz/, https://fwb.submirror.xyz/, DeFi; SocialFi
DropList, https://mirror.xyz/droplist.eth, https://submirror.xyz/droplist.eth, DeFi
Haole, https://haole.mirror.xyz/, https://haole.submirror.xyz/, Web3
jackofcrypto, https://mirror.xyz/jackofcrypto.eth, https://submirror.xyz/jackofcrypto.eth, Ethereum; Solidity
rbarniker, https://mirror.xyz/barniker.eth, https://submirror.xyz/barniker.eth, NFT
LongHash Ventures, https://mirror.xyz/0x51999aC353335d7eF96BfF16570B7Af8F9A66474, https://submirror.xyz/0x51999aC353335d7eF96BfF16570B7Af8F9A66474, Web3; 投研
Orca Protocol, https://orca.mirror.xyz/, https://orca.submirror.xyz/, DAO
itamarg, https://mirror.xyz/itamarg.eth, https://submirror.xyz/itamarg.eth, DAO
Frei Bier, https://mirror.xyz/0x840c6272087D207250d3f8b491a2B1D1B66e45B1, https://submirror.xyz/0x840c6272087D207250d3f8b491a2B1D1B66e45B1, Blockchain
totlsota.eth, https://mirror.xyz/totlsota.eth, https://submirror.xyz/totlsota.eth, 以太坊
Cryptogram Venture FOF, https://mirror.xyz/0xc767778E9B7841C029966f05B9762d3342e0510A, https://submirror.xyz/0xc767778E9B7841C029966f05B9762d3342e0510A, 投研
kroos.eth, https://mirror.xyz/kroos.eth, https://submirror.xyz/kroos.eth, 以太坊
WhaleRoom.org, https://mirror.xyz/0xa33Ab851B66Ba240A8F8709212a9002B268AA559, https://submirror.xyz/0xa33Ab851B66Ba240A8F8709212a9002B268AA559, Web3
jmo, https://mirror.xyz/jmo.eth, https://submirror.xyz/jmo.eth, DAO
Rayyan, https://mirror.xyz/0x7A452e69407478DE858F6eF741a4648641285490, https://submirror.xyz/0x7A452e69407478DE858F6eF741a4648641285490, Layer2
Anett, https://anett.mirror.xyz/, https://anett.submirror.xyz/, NFT
OpenSourced.finance, https://mirror.xyz/guill.eth, https://submirror.xyz/guill.eth, Web3
Zach Miller, https://mirror.xyz/zachmiller.eth, https://submirror.xyz/zachmiller.eth, NFT
Salil Naik, https://mirror.xyz/0xF75aAa99e6877fA62375C37c343c51606488cd08, https://submirror.xyz/0xF75aAa99e6877fA62375C37c343c51606488cd08, Web3
Twoplus, https://mirror.xyz/0x09362a31a90F01E18bB4a7B16Bc82796E8B79a7e, https://submirror.xyz/0x09362a31a90F01E18bB4a7B16Bc82796E8B79a7e, DAO
VÉRITÉ, https://mirror.xyz/verite.eth, https://submirror.xyz/verite.eth, Web3
Lee Martin, https://mirror.xyz/leemartin.eth, https://submirror.xyz/leemartin.eth, NFT
Cavin, https://mirror.xyz/cavin.eth, https://submirror.xyz/cavin.eth, Web3
Zain Immortal Khan, https://mirror.xyz/zainkhan.eth, https://submirror.xyz/zainkhan.eth, NFT
EthereumCN, https://mirror.xyz/ethereumcn.eth, https://submirror.xyz/ethereumcn.eth, 以太坊
David Cai, https://mirror.xyz/0x56706F118e42AE069F20c5636141B844D1324AE1, https://submirror.xyz/0x56706F118e42AE069F20c5636141B844D1324AE1, 以太坊; DeFi
搓枣师傅, https://mirror.xyz/momoswap.eth, https://submirror.xyz/momoswap.eth, Web3
ranbuta, https://mirror.xyz/ranbuta.eth, https://submirror.xyz/ranbuta.eth, Web3
Pact Collective, https://mirror.xyz/pactcollective.eth, https://submirror.xyz/pactcollective.eth, Web3
Varras, https://mirror.xyz/varras.eth, https://submirror.xyz/varras.eth, NFT
Alice Peng, https://mirror.xyz/0x935B9Ddf44EC1E1b3A79473965aef9EaD37dA79a, https://submirror.xyz/0x935B9Ddf44EC1E1b3A79473965aef9EaD37dA79a, Web3
Chibin, https://mirror.xyz/chibingmi.eth, https://submirror.xyz/chibingmi.eth, Web3; DeFi
Aave News, https://aavegrants.mirror.xyz/, https://aavegrants.submirror.xyz/, DeFi
Madhavan Malolan, https://mirror.xyz/madhavanmalolan.eth, https://submirror.xyz/madhavanmalolan.eth, Web3
by, https://mirror.xyz/0x455E0e9d8b0c0541F4f26ECeec2Ea54504e9b4C9, https://submirror.xyz/0x455E0e9d8b0c0541F4f26ECeec2Ea54504e9b4C9, DeFi; Terra
DCSaxton, https://mirror.xyz/saxton.eth, https://submirror.xyz/saxton.eth, Web3
wong2, https://wong2.mirror.xyz/, https://wong2.submirror.xyz/, Web3
Dayima, https://mirror.xyz/rolexpunks.eth, https://submirror.xyz/rolexpunks.eth, Web3; NFT
多多加密日记, https://mirror.xyz/fdd.eth, https://submirror.xyz/fdd.eth, Web3; Crypto
星火DAO, https://mirror.xyz/0x731367992634bBd7782a468cB9036D0700639830, https://submirror.xyz/0x731367992634bBd7782a468cB9036D0700639830, DAO
Thomas Koutsaplis, https://mirror.xyz/koutsaplis.eth, https://submirror.xyz/koutsaplis.eth, Web3
Cryptouf, https://mirror.xyz/cryptouf.eth, https://submirror.xyz/cryptouf.eth, DAO
Jongho Daniel Park, https://mirror.xyz/0x80628BC93cC2b8a11043eEe455Cbf8981DB1195F, https://submirror.xyz/0x80628BC93cC2b8a11043eEe455Cbf8981DB1195F, Web3
syshen, https://mirror.xyz/0x956f206BF42B6FCEacacBEb759Bc234921B55eCf, https://submirror.xyz/0x956f206BF42B6FCEacacBEb759Bc234921B55eCf, Web3
Musashi, https://mirror.xyz/0x6b872e9Ae3D38F2c5b79320366ec6173D327213b, https://submirror.xyz/0x6b872e9Ae3D38F2c5b79320366ec6173D327213b, Web3
DAO Masters, https://mirror.xyz/daomstr.eth, https://submirror.xyz/daomstr.eth, DAO
Oxaciano, https://mirror.xyz/0x9Ed6749B5e99059f57f516832982f4E2a212bBf8, https://submirror.xyz/0x9Ed6749B5e99059f57f516832982f4E2a212bBf8, GameFi
SuperRare, https://superrare.mirror.xyz, https://superrare.submirror.xyz, NFT
Mirror Club, https://mclub.mirror.xyz, https://mclub.submirror.xyz, Mirror
crisgarner.eth, https://mirror.xyz/crisgarner.eth, https://submirror.xyz/crisgarner.eth, Web3; DeFi
Tom, https://mirror.xyz/tomborgers.eth, https://submirror.xyz/tomborgers.eth, 以太坊
lorenhuang.eth, https://mirror.xyz/lorenhuang.eth, https://submirror.xyz/lorenhuang.eth, DeFi
Vriti Saraf, https://mirror.xyz/0xb3C5DB4b191F7f42ed1e12FCe181300721Dee774, https://submirror.xyz/0xb3C5DB4b191F7f42ed1e12FCe181300721Dee774, DeFi
CityDAO, https://city.mirror.xyz, https://city.submirror.xyz, DAO
Daeshawn.eth, https://mirror.xyz/daeshawn.eth, https://submirror.xyz/daeshawn.eth, Web3
mikelightz, https://mirror.xyz/mikelightz.eth, https://submirror.xyz/mikelightz.eth, NFT
lisawocken, https://mirror.xyz/0x74c02fE52A544d3d1775796A9037cE560C40f581, https://submirror.xyz/0x74c02fE52A544d3d1775796A9037cE560C40f581, DAO
b_sconeboy, https://mirror.xyz/bscone.eth, https://submirror.xyz/bscone.eth, Web3
Hebao, https://mirror.xyz/0xe1fa2F90618b2e37e03D6C8fbE19AdC68714782F, https://submirror.xyz/0xe1fa2F90618b2e37e03D6C8fbE19AdC68714782F, DeFi
CHENHUI, https://mirror.xyz/bttb.eth, https://submirror.xyz/bttb.eth, Web3
ChainCatcher 链捕手, https://mirror.xyz/0x8C4d5E90196325FB22Fff37C97D7984a37e51D11, https://submirror.xyz/0x8C4d5E90196325FB22Fff37C97D7984a37e51D11, Web3; DeFi; 媒体
Layer3, https://mirror.xyz/0x7B0befc5B043148Cd7bD5cFeEEf7BC63D28edEC0, https://submirror.xyz/0x7B0befc5B043148Cd7bD5cFeEEf7BC63D28edEC0, Web3
0xEvan, https://mirror.xyz/0x829Ceb00fC74bD087b1e50d31ec628a90894cD52, https://submirror.xyz/0x829Ceb00fC74bD087b1e50d31ec628a90894cD52, DeFi
Intel Chen, https://mirror.xyz/0x803a0261275d30C7Ab5EAA37F47fD044c5c633Bb, https://submirror.xyz/0x803a0261275d30C7Ab5EAA37F47fD044c5c633Bb, DeFi
Nimrod Kamer, https://mirror.xyz/nnimrodd.eth, https://submirror.xyz/nnimrodd.eth, NFT
Decoin Research Institute, https://mirror.xyz/dere.eth, https://submirror.xyz/dere.eth, Web3; Cosmos; 投研
axwells.eth, https://mirror.xyz/0x257aF56D3389070f0Bd98Ab29829b12282Dae855, https://submirror.xyz/0x257aF56D3389070f0Bd98Ab29829b12282Dae855, Web3; DeFi
Fat Garage, https://mirror.xyz/0x65a0Af703047dfDd270361659d02f4f0E8547202, https://submirror.xyz/0x65a0Af703047dfDd270361659d02f4f0E8547202, DeFi
owenzhang, https://mirror.xyz/0x29Faeb62f4e9E1456c2fEED5c6f27B13Fae91Dae, https://submirror.xyz/0x29Faeb62f4e9E1456c2fEED5c6f27B13Fae91Dae, DeFi; Nansen
头雁区块链, https://mirror.xyz/0xab722fcb8902c3B98c622db66E0b3247F7691eCA, https://submirror.xyz/0xab722fcb8902c3B98c622db66E0b3247F7691eCA, DeFi; Web3
上官博玉, https://mirror.xyz/0xfAd631c21cD293eE714b56198182817ba768B158, https://submirror.xyz/0xfAd631c21cD293eE714b56198182817ba768B158, DeFi; Web3
Xing, https://mirror.xyz/0x8eC46A6d1AFda45f5A334Fe85016FB39D9D8Caee, https://submirror.xyz/0x8eC46A6d1AFda45f5A334Fe85016FB39D9D8Caee, DeFi; Web3; NFT
ColorEye, https://mirror.xyz/0xb756cb53cBB0F34ccE7Ab4b848C886b99f82764B, https://submirror.xyz/0xb756cb53cBB0F34ccE7Ab4b848C886b99f82764B, DeFi; Web3; NFT
BlocChainTeahouse, https://mirror.xyz/chainhouse.eth, https://submirror.xyz/chainhouse.eth, Web3; DeFi
Weilgre, https://mirror.xyz/0xd10c3aCeB306eA9A2F5494d81F411d33F1ef9975, https://submirror.xyz/0xd10c3aCeB306eA9A2F5494d81F411d33F1ef9975, NFT; DAO
oic.eth, https://mirror.xyz/oic.eth, https://submirror.xyz/oic.eth, Web3
happmaoo, https://mirror.xyz/readmore.eth, https://submirror.xyz/readmore.eth, Web3
Ori Valderrama, https://mirror.xyz/0x0ed18e07F41dc48871Ec2193324669F3db0037fb, https://submirror.xyz/0x0ed18e07F41dc48871Ec2193324669F3db0037fb, Web3
ryangtanaka.eth, https://mirror.xyz/ryangtanaka.eth, https://submirror.xyz/ryangtanaka.eth, Web3
PubDAO, https://pubdao.mirror.xyz/, https://pubdao.submirror.xyz/, Web3
lightbird.eth, https://mirror.xyz/lightbird.eth, https://submirror.xyz/lightbird.eth, Web3
秃 GaoFlynn, https://mirror.xyz/cryptolunatic.eth, https://submirror.xyz/cryptolunatic.eth, DeFi
Staq - short crypto articles, https://mirror.xyz/doorvesh.eth, https://submirror.xyz/doorvesh.eth, Web3
Fab, https://mirror.xyz/fabrizio.eth, https://submirror.xyz/fabrizio.eth, DAO; Web3
0x9C65, https://mirror.xyz/0x9C65AC91C38598D95099068C0634a5d3276de51c, https://submirror.xyz/0x9C65AC91C38598D95099068C0634a5d3276de51c, NFT
Michaelg.eth, https://mirror.xyz/michaelg.eth, https://submirror.xyz/michaelg.eth, NFT
Almond, https://mirror.xyz/almndbtr.eth, https://submirror.xyz/almndbtr.eth, Web3
Teji, https://mirror.xyz/teji.eth, https://submirror.xyz/teji.eth, NFT
0x8477, https://mirror.xyz/0x8477981dbd957ae4c6a249544E43915218948404, https://submirror.xyz/0x8477981dbd957ae4c6a249544E43915218948404, DAO; Web3; Crypto
camoufly, https://mirror.xyz/camoufly.eth, https://submirror.xyz/camoufly.eth, NFT
Scott Martinez, https://mirror.xyz/scottmartinez.eth, https://submirror.xyz/scottmartinez.eth, Web3
cgunn, https://mirror.xyz/cgunn.eth, https://submirror.xyz/cgunn.eth, NFT
Sam Hysell, https://mirror.xyz/samhysell.eth, https://submirror.xyz/samhysell.eth, NFT
Taipei Ethereum Meetup, https://ethtaipei.mirror.xyz/, https://ethtaipei.submirror.xyz/, Web3; 以太坊; DeFi
metabody, https://mirror.xyz/0x69d24494328051C3F3ee0480D593E6722Eaf5869, https://submirror.xyz/0x69d24494328051C3F3ee0480D593E6722Eaf5869, Web3
Snapshot Labs, https://mirror.xyz/shot.eth, https://submirror.xyz/shot.eth, DeFi
Alexandra Sukin, https://mirror.xyz/alexandrasukin.eth, https://submirror.xyz/alexandrasukin.eth, Web3
Josh Stark, https://stark.mirror.xyz/, https://stark.submirror.xyz/, 以太坊
0x9f9f, https://mirror.xyz/0x9f9f98e28456EEEFC4Af1c990a170e2B0D2d6027, https://submirror.xyz/0x9f9f98e28456EEEFC4Af1c990a170e2B0D2d6027, Web3
Trent Lee, https://mirror.xyz/tookmymoney.eth, https://submirror.xyz/tookmymoney.eth, Web3
创业会计佬 h 的学习笔记, https://mirror.xyz/0x5a18682ed5E56Cb026c39ba216592B76ceAe5887, https://submirror.xyz/0x5a18682ed5E56Cb026c39ba216592B76ceAe5887, Web3
0x8D07, https://mirror.xyz/0x8D07CFb29762A7561f004D042DDd47648640B23f, https://submirror.xyz/0x8D07CFb29762A7561f004D042DDd47648640B23f, 以太坊
Sunny He, https://mirror.xyz/0x9E537Cb5D5c86CC1F2679c030b3605b59DF54426, https://submirror.xyz/0x9E537Cb5D5c86CC1F2679c030b3605b59DF54426, 投研; Web3
Jack Wang, https://mirror.xyz/0xCb400e59f2aF1eC2f8c224f6b011983751ea2E7e, https://submirror.xyz/0xCb400e59f2aF1eC2f8c224f6b011983751ea2E7e, Web3
加密菩提, https://mirror.xyz/0xd83256a8BB182e7BE2382550Ed24861C71108d35, https://submirror.xyz/0xd83256a8BB182e7BE2382550Ed24861C71108d35, Web3
DeFieye, https://mirror.xyz/0x112E372bb5EC17c1ea6b1d679EA72aFBD2A94404, https://submirror.xyz/0x112E372bb5EC17c1ea6b1d679EA72aFBD2A94404, DeFi; Web3
Foresight News, https://mirror.xyz/foresightnews.eth, https://submirror.xyz/foresightnews.eth, DeFi; Web3
NEON DAO, https://mirror.xyz/0x4AC39B087D0907DB171E1Cf52fD4120952389FC5, https://submirror.xyz/0x4AC39B087D0907DB171E1Cf52fD4120952389FC5, DAO
ThreeThousandThirty, https://mirror.xyz/0x5560522b72C4Ab7F71f15adDa474B0e6cCB194eD, https://submirror.xyz/0x5560522b72C4Ab7F71f15adDa474B0e6cCB194eD, Web3
jakepimental.eth, https://mirror.xyz/jakepimental.eth, https://submirror.xyz/jakepimental.eth, DeFi
Arbestor Dinggleback, https://mirror.xyz/arbestor.eth, https://submirror.xyz/arbestor.eth, NFT
dd0sxx, https://mirror.xyz/dd0sxx.eth, https://submirror.xyz/dd0sxx.eth, DeFi; NFT
mattdesl, https://mirror.xyz/mattdesl.eth, https://submirror.xyz/mattdesl.eth, NFT
LazzarEnne, https://mirror.xyz/0x0161d1Cc10116bb2a073A0c293d5E4F1a97A00b6, https://submirror.xyz/0x0161d1Cc10116bb2a073A0c293d5E4F1a97A00b6, NFT
CryptoStats, https://mirror.xyz/cryptostats.eth, https://submirror.xyz/cryptostats.eth, 数据
Brett, https://mirror.xyz/0xe8cbCf4AB8aEf17742eF204c557b3050E8f992C3, https://submirror.xyz/0xe8cbCf4AB8aEf17742eF204c557b3050E8f992C3, DAO
深潮 TechFlow, https://mirror.xyz/0x0E58bB9795a9D0F065e3a8Cc2aed2A63D6977d8A, https://submirror.xyz/0x0E58bB9795a9D0F065e3a8Cc2aed2A63D6977d8A, 媒体; 投研
WarpSound, https://mirror.xyz/warpsound.eth, https://submirror.xyz/warpsound.eth, Web3
Upshot, https://mirror.xyz/0x82FE4757D134a56BFC7968A0f0d1635345053104, https://submirror.xyz/0x82FE4757D134a56BFC7968A0f0d1635345053104, NFT
Dylan Olivia Hunzeker, https://mirror.xyz/0x38050A922eEFc7138E2D39082019908EA1D04a7A, https://submirror.xyz/0x38050A922eEFc7138E2D39082019908EA1D04a7A, Web3
DOOMSDAYX, https://mirror.xyz/doomsdayx.eth, https://submirror.xyz/doomsdayx.eth, Web3; NFT
gem.xyz, https://mirror.xyz/0x4247c65610972d04Ca221bcc64Ff35F50c26E0F6, https://submirror.xyz/0x4247c65610972d04Ca221bcc64Ff35F50c26E0F6, Metaverse
_0xken, https://mirror.xyz/0xF36f242CE662b9fe44A203924B6b965e1d5a1B48, https://submirror.xyz/0xF36f242CE662b9fe44A203924B6b965e1d5a1B48, NFT
Rabia Fatima, https://mirror.xyz/0xD09934912F8D22803465c733C0fDcA00FD384c62, https://submirror.xyz/0xD09934912F8D22803465c733C0fDcA00FD384c62, 以太坊
Jonas1997, https://mirror.xyz/0x31Ae182A31Bb2c3cfd9e2E3732cc53f7606FB773, https://submirror.xyz/0x31Ae182A31Bb2c3cfd9e2E3732cc53f7606FB773, NFT; DeFi
Keegan小钢, https://mirror.xyz/0x546086AfA3D285aCD2c84783c2dCf8F2C23b6433, https://submirror.xyz/0x546086AfA3D285aCD2c84783c2dCf8F2C23b6433, DeFi
Station Newstand, https://station.mirror.xyz/, https://station.submirror.xyz/, Web3
joaxap, https://mirror.xyz/joaxap.eth, https://submirror.xyz/joaxap.eth, DAO
Tribute Labs, https://mirror.xyz/0xF44E60285F1ee1df008f39AB9201864444188197, https://submirror.xyz/0xF44E60285F1ee1df008f39AB9201864444188197, DAO
Jhamar, https://mirror.xyz/0xFC965f2075077Ee54B59aFb3B16780C1Cba0d22F, https://submirror.xyz/0xFC965f2075077Ee54B59aFb3B16780C1Cba0d22F, Web3
KYMXÅ, https://mirror.xyz/kymxa.eth, https://submirror.xyz/kymxa.eth, Web3
watchensee, https://mirror.xyz/watchensee.eth, https://submirror.xyz/watchensee.eth, Web3
Coopahtroopa, https://coopahtroopa.mirror.xyz/, https://coopahtroopa.submirror.xyz/, NFT; Web3
wen brand, https://mirror.xyz/wenbrand.eth, https://submirror.xyz/wenbrand.eth, NFT
DeepDAO, https://mirror.xyz/deepdao.eth, https://submirror.xyz/deepdao.eth, DAO
SerenaYu, https://mirror.xyz/serenayu.eth, https://submirror.xyz/serenayu.eth, Web3; DeFi; NFT
MosesSamPaul, https://mirror.xyz/0xed95C841068a9feF0CE2D7F527829A231626447D, https://submirror.xyz/0xed95C841068a9feF0CE2D7F527829A231626447D, Web3
BanklessDAO, https://banklessdao.mirror.xyz/, https://banklessdao.submirror.xyz/, DAO
VAULT: Creators Unlocked, https://mirror.xyz/0xe5DCbB3B8B6c7f837761b36316c5DCbb3a93b3f8, https://submirror.xyz/0xe5DCbB3B8B6c7f837761b36316c5DCbb3a93b3f8, Web3
MissBerri.ETH, https://mirror.xyz/missberri.eth, https://submirror.xyz/missberri.eth, DAO
DMNSN, https://mirror.xyz/dmnsn.eth, https://submirror.xyz/dmnsn.eth, NFT
UneMeta, https://mirror.xyz/unemeta.eth, https://submirror.xyz/unemeta.eth, NFT
duloti-peopledao, https://mirror.xyz/duloti-peopledao.eth, https://submirror.xyz/duloti-peopledao.eth, DAO
Kain.eth, https://mirror.xyz/kain.eth, https://submirror.xyz/kain.eth, DeFi
0xProductGal, https://mirror.xyz/0xproductgal.eth, https://submirror.xyz/0xproductgal.eth, Web3
Jean-Luc Shorey, https://mirror.xyz/0xBC2Ae45Ee0dD58B1FDDf3ac6e98c8F2d3ff3591d, https://submirror.xyz/0xBC2Ae45Ee0dD58B1FDDf3ac6e98c8F2d3ff3591d, DeFi
David Tomu, https://mirror.xyz/tomu.eth, https://submirror.xyz/tomu.eth, Web3
许明恩, https://mirror.xyz/mnhsu.eth, https://submirror.xyz/mnhsu.eth, Web3
JT Song, https://mirror.xyz/jtsong.eth, https://submirror.xyz/jtsong.eth, Web3; NFT
Ali Galan, https://mirror.xyz/0x0C34E42209d9372199e37Efd53B03ef1A4b3c5ff, https://submirror.xyz/0x0C34E42209d9372199e37Efd53B03ef1A4b3c5ff, NFT
flyingpotato, https://mirror.xyz/0x3a9e9dcC7be5a0152B15CA34923CadEF1865DBA5, https://submirror.xyz/0x3a9e9dcC7be5a0152B15CA34923CadEF1865DBA5, Web3
Beeradley, https://mirror.xyz/beeradley.eth, https://submirror.xyz/beeradley.eth, DAO
Jason Zhou, https://mirror.xyz/jasonz.eth, https://submirror.xyz/jasonz.eth, Web3
saltwater, https://mirror.xyz/0xB9D7211EdBf7ADb18C4a6e8C587E5660CD476B8F, https://submirror.xyz/0xB9D7211EdBf7ADb18C4a6e8C587E5660CD476B8F, Web3
Reservoir Protocol, https://reservoir.mirror.xyz/, https://reservoir.submirror.xyz/, Web3
More Than a Gamer, https://mirror.xyz/0xb72759927CB072d4db4386Ef53D657F09a79FC92, https://submirror.xyz/0xb72759927CB072d4db4386Ef53D657F09a79FC92, NFT
cosmohm.eth, https://mirror.xyz/cosmohm.eth, https://submirror.xyz/cosmohm.eth, DAO
Meagan Loyst, https://mirror.xyz/themeaganloyst.eth, https://submirror.xyz/themeaganloyst.eth, NFT
Coinvise, https://coinvise.mirror.xyz/, https://coinvise.submirror.xyz/, DeFi
Justine Moore, https://mirror.xyz/justinemoore.eth, https://submirror.xyz/justinemoore.eth, Web3
Standard Crypto, https://mirror.xyz/blog.standard-crypto.eth, https://submirror.xyz/blog.standard-crypto.eth, NFT
Cabin, https://creators.mirror.xyz/, https://creators.submirror.xyz/, DAO
Zora Engineering, https://zora.mirror.xyz/, https://zora.submirror.xyz/, Web3
Emperor, https://mirror.xyz/0xemperor.eth, https://submirror.xyz/0xemperor.eth, DeFi; DAO
Culture Clap, https://mirror.xyz/canin.eth, https://submirror.xyz/canin.eth, DAO
Olympus Agora, https://mirror.xyz/0x4CeBBD9E1e399dA2cFe62834133B6B759087a994, https://submirror.xyz/0x4CeBBD9E1e399dA2cFe62834133B6B759087a994, NFT
Loedn, https://mirror.xyz/loedn.eth, https://submirror.xyz/loedn.eth, DeFi
Syndicate, https://syndicate.mirror.xyz/, https://syndicate.submirror.xyz/, Web3
Kay, https://mirror.xyz/kayf.eth, https://submirror.xyz/kayf.eth, Web3
Fraser Bell / The NFT Diary, https://mirror.xyz/fraserbell.eth, https://submirror.xyz/fraserbell.eth, NFT
Bradley Tusk, https://mirror.xyz/0x81dB200eD62Ce664B911C211b55F836a208Df868, https://submirror.xyz/0x81dB200eD62Ce664B911C211b55F836a208Df868, Web3
Alejandro Cano, https://mirror.xyz/alejandrocano.eth, https://submirror.xyz/alejandrocano.eth, Web3
Alex Zhong, https://mirror.xyz/0xD08624Cdbd8646a74C24565deb103001215d0Bf6, https://submirror.xyz/0xD08624Cdbd8646a74C24565deb103001215d0Bf6, NFT
Dhaiwat Pandya, https://mirror.xyz/dhaiwat.eth, https://submirror.xyz/dhaiwat.eth, Web3
0xA926, https://mirror.xyz/0xA92613A5e8D2373c2733Ce1E61041485483A90F2, https://submirror.xyz/0xA92613A5e8D2373c2733Ce1E61041485483A90F2, GameFi
Sushi, https://mirror.xyz/susheen.eth, https://submirror.xyz/susheen.eth, Web3
RhizomeDAO, https://mirror.xyz/rhizomedao.eth, https://submirror.xyz/rhizomedao.eth, DAO
Mary Maguire, https://mirror.xyz/marymaguire.eth, https://submirror.xyz/marymaguire.eth, GameFi
nivaaz, https://mirror.xyz/0x14BD0Cf32aF377E65584058b5Ee24FA9007da480, https://submirror.xyz/0x14BD0Cf32aF377E65584058b5Ee24FA9007da480, NFT
Christian, https://mirror.xyz/cmurray.eth, https://submirror.xyz/cmurray.eth, NFT
FlipFam, https://mirror.xyz/0xA8c69E5a3D8a5F743772C65ba7624058e43C7a6E, https://submirror.xyz/0xA8c69E5a3D8a5F743772C65ba7624058e43C7a6E, NFT
MUSIC x, https://musicx.mirror.xyz/, https://musicx.submirror.xyz/, NFT
Dyo Hu, https://mirror.xyz/dyohu.eth, https://submirror.xyz/dyohu.eth, NFT
HashHub Research, https://mirror.xyz/0x8Df126302a7EA75E7013Ec8Ad6bFaC14DD84a5fF, https://submirror.xyz/0x8Df126302a7EA75E7013Ec8Ad6bFaC14DD84a5fF, Web3
Pranav M Jagtap MD, https://mirror.xyz/bhau.eth, https://submirror.xyz/bhau.eth, DAO
Mirror Development, https://dev.mirror.xyz/, https://dev.submirror.xyz/, Web3
Forefront, https://forefront.mirror.xyz/, https://forefront.submirror.xyz/, Web3
0xben, https://mirror.xyz/0xdbFA537F17118880C708A23518Aa14049ac5FA35, https://submirror.xyz/0xdbFA537F17118880C708A23518Aa14049ac5FA35, Web3
Joshua Eustis, https://mirror.xyz/telefontelaviv.eth, https://submirror.xyz/telefontelaviv.eth, ETH
XEDRA, https://mirror.xyz/xedra.eth, https://submirror.xyz/xedra.eth, NFT
pseudotheos, https://pseudotheos.mirror.xyz/, https://pseudotheos.submirror.xyz/, ETH
Daniel Schlabach, https://mirror.xyz/schlabach.eth, https://submirror.xyz/schlabach.eth, DeFi
MisterPlus, https://mirror.xyz/misterplus.eth, https://submirror.xyz/misterplus.eth, NFT
tian7, https://mirror.xyz/tian7.eth, https://submirror.xyz/tian7.eth, Web3
joe.eth, https://mirror.xyz/0x97bB393E972fC8480e9fb46352e767C426F30902, https://submirror.xyz/0x97bB393E972fC8480e9fb46352e767C426F30902, SocialFi
比特大猪, https://mirror.xyz/0xf433344118e4A9f6870330cfA7e8d42BF7FB74af, https://submirror.xyz/0xf433344118e4A9f6870330cfA7e8d42BF7FB74af, Web3
RayYayZzz, https://mirror.xyz/rayzzz.eth, https://submirror.xyz/rayzzz.eth, NFT
Manta Network, https://mirror.xyz/0xeB125d270FC135DDD3CC8E1C466873a4f37682d5, https://submirror.xyz/0xeB125d270FC135DDD3CC8E1C466873a4f37682d5, Polkadot
Curare by JO7, https://jo7.mirror.xyz/, https://jo7.submirror.xyz/, Web3
Into the Metaverse, https://meta.mirror.xyz/, https://meta.submirror.xyz/, Web3
brunny.eth, https://mirror.xyz/brunny.eth, https://submirror.xyz/brunny.eth, Ethereum
Seed Club, https://club.mirror.xyz/, https://club.submirror.xyz/, DAO
Hari Velaayutham, https://mirror.xyz/harivel.eth, https://submirror.xyz/harivel.eth, Web3
Lens Protocol, https://mirror.xyz/lensprotocol.eth, https://submirror.xyz/lensprotocol.eth, Web3
Pedoispe, https://mirror.xyz/pedoispe.eth, https://submirror.xyz/pedoispe.eth, DAO; NFT
Pangea, https://mirror.xyz/pangeadao.eth, https://submirror.xyz/pangeadao.eth, Web3; DAO
Dillon, https://mirror.xyz/dill.eth, https://submirror.xyz/dill.eth, Web3
sladuca.eth, https://mirror.xyz/0x6A8046BD2f3AD3EF9e1eA60FADdb668fd3837375, https://submirror.xyz/0x6A8046BD2f3AD3EF9e1eA60FADdb668fd3837375, Web3
YoursDAO, https://mirror.xyz/yoursdao.eth, https://submirror.xyz/yoursdao.eth, DAO
Ladislaus, https://mirror.xyz/ladislaus.eth, https://submirror.xyz/ladislaus.eth, Ethereum
The Lean Block, https://mirror.xyz/supreet.eth, https://submirror.xyz/supreet.eth, NFT
MetaverseTRML, https://mirror.xyz/0xC6ebC754Cbbc4AebC0596f516DB4A98e8e8A247A, https://submirror.xyz/0xC6ebC754Cbbc4AebC0596f516DB4A98e8e8A247A, GameFi
AsherFishman.eth, https://mirror.xyz/0x374E763fBE0FC4e404db4531f7Ee54044019a8A1, https://submirror.xyz/0x374E763fBE0FC4e404db4531f7Ee54044019a8A1, Web3
Philip R Powis (The Wizard), https://mirror.xyz/philippowis.eth, https://submirror.xyz/philippowis.eth, Web3
Jackson Oar, https://mirror.xyz/0x22034f804960B9B34353d6A7595cC4E83ac0daBe, https://submirror.xyz/0x22034f804960B9B34353d6A7595cC4E83ac0daBe, 跨链
IOSG Ventures_CN, https://mirror.xyz/0x5Eba828AB4999825D8416D7EAd9563b64FD90276, https://submirror.xyz/0x5Eba828AB4999825D8416D7EAd9563b64FD90276, 投研
Rally, https://mirror.xyz/rallyio.eth, https://submirror.xyz/rallyio.eth, NFT
0xCb4B, https://mirror.xyz/0xCb4B8F4810188fCBe96C06ccf8A763eb49f56a29, https://submirror.xyz/0xCb4B8F4810188fCBe96C06ccf8A763eb49f56a29, Ethereum
Scott David Meyer, https://ed3.mirror.xyz/, https://ed3.submirror.xyz/, DAO
Paymahn, https://mirror.xyz/paymahn.eth, https://submirror.xyz/paymahn.eth, DAO
jmcook.eth, https://mirror.xyz/jmcook.eth, https://submirror.xyz/jmcook.eth, Ethereum
juliancanderson, https://mirror.xyz/juliancanderson.eth, https://submirror.xyz/juliancanderson.eth, NFT
Andrew Hong, https://ath.mirror.xyz/, https://ath.submirror.xyz/, Web3
Ryan Solomon (Sully), https://mirror.xyz/0xd61bbb4c245Bd483301352127B96C0CC3b9471aB, https://submirror.xyz/0xd61bbb4c245Bd483301352127B96C0CC3b9471aB, DAO
LeoSagan, https://mirror.xyz/leosagan.eth, https://submirror.xyz/leosagan.eth, DeFi